"size_sqft","bedrooms","age","distance_city","crime_rate","renovated","price","price_per_sqft"
1703.96395539673,4,16.9804553120377,27.9466693846043,0.417146344123687,"1",345022.943059524,202.48253606937
1309.7350445522,2,2.70934910513461,9.20952065079473,2.03002326656133,"0",329399.01870896,251.500500104264
1791.42188365092,4,36.5284005535727,18.0462958621792,23.1787581170414,"0",206887.809559634,115.488044132851
1881.22286690178,4,12.7715960796922,4.8309531470295,1.02377473898016,"0",300967.429430484,159.984994189526
1680.99760041321,3,27.8699279559736,22.2320283050649,8.8231223435615,"0",251151.554407015,149.406253968048
1721.11764913274,3,3.27329523206738,15.3884471361525,3.46496271668002,"0",351058.312081156,203.971130188602
1650.48239070015,3,2.60520693846047,28.4108624083456,6.72806050607419,"1",339515.478215323,205.70681646067
2162.2158694926,5,2.99705960787833,4.52020608494058,21.5848053420398,"0",321964.246170707,148.904765113144
2128.96685773323,3,22.2647391847584,1.04440800100565,18.0608891219574,"0",304139.687169216,142.857877784458
767.500085290499,1,3.49516741000116,16.1631844635122,12.391981513572,"1",144560.844598654,188.352871053999
2296.90659812193,4,20.4430025435033,2.86034972965717,9.74649694706214,"0",373162.15169557,162.462919476433
2005.5394027387,4,21.0239910139682,26.864345094189,11.1316681785762,"0",283551.679100428,141.384247406567
2036.74787567388,5,NA,21.5551950412337,5.13161188436157,"1",319991.953131333,157.109260774587
1440.24942689988,2,7.28434596210718,12.7049129516818,10.4172673355888,"0",227535.777351586,157.983591662559
1321.50004217847,3,13.790481928736,2.65107798506506,2.85449696239084,"1",183345.687708687,138.740584076294
2061.5775008164,3,9.1321162506938,29.7034950442612,15.8386015473212,"0",300417.272238123,145.722036702067
1881.22380062014,3,22.4002117841485,12.0500967230182,17.3269702485743,"0",185616.152247547,98.6677673259069
1545.43552411668,3,1.1034317035228,2.84410933591425,0.993696913139283,"0",249093.769193467,161.180305037857
2675.40089904606,5,2.91596516604909,21.4832714349031,2.39001331850886,"0",495004.692379771,185.020754293784
2294.41938428049,5,0.134151112288237,18.0109509129543,11.6170607407795,"0",409900.130726548,178.650918631028
1285.34743683884,3,7.50254712067544,11.6552212492097,6.01180951555675,"1",182189.301722989,141.743233386812
1877.67300151804,3,16.3904996787094,8.87557611963712,7.09383594761503,"0",264023.956468704,140.612319746435
2362.55434748419,6,37.0501299930697,10.2140070656314,9.0162414401294,"1",360334.431480511,152.519002097971
1781.73774693933,3,18.8165596507744,3.01301248278469,3.90424808466292,"1",273349.822822779,153.417540427787
1296.35632440042,2,2.88589634001255,18.1246265119407,2.01862899819389,"0",220564.671733805,170.142010789988
1935.86244873369,4,9.44780169986188,10.7634454248473,8.24699177409921,"1",373377.656402707,192.874063261542
2884.62766606914,6,37.2737564129715,13.1113502902444,1.72250934643671,"0",442960.602228247,153.559021650744
2238.43671592278,5,21.5045577763872,28.2206834300887,1.07261410466347,"0",384495.148499231,171.769496883331
2192.36026308192,4,2.95643362216651,29.4612410615664,2.4974837094241,"0",345788.253995078,157.724193335353
NA,5,23.5187322079184,26.3174868565984,12.8724785608457,"0",264222.31635339,NA
1648.39126233388,4,1.07356137596071,11.9495399596635,10.2315317928315,"0",343050.606608425,208.112366552292
2914.76696029966,6,21.2295619762483,11.784196608467,7.74111176814565,"0",410622.240609444,140.876525019767
1450.07557256676,3,5.78612763434649,9.32750557456166,12.9125474666463,"1",266257.524878859,183.616309326251
1661.84619427084,3,47.3131338109202,11.9984385250136,8.07820849078608,"0",297618.04651972,179.088803492013
1836.28837438407,5,4.2172381747514,10.7980703448411,3.62105337881899,"0",348144.169662995,189.591228980998
2392.12095371372,5,0.74772915802896,18.7931089478079,8.95173381972027,"0",441588.234046161,184.601131209776
2213.39674443784,4,13.2146357465535,16.2653552663978,12.2697693279498,"0",308191.814566214,139.239300564025
1139.36145265593,3,62.8314426507721,27.3716735730413,3.93647841622537,"0",131882.277128341,115.751043552434
1742.69671371873,3,25.9314112729373,15.2084135762416,5.71700560839331,"0",316328.936603139,181.516918068966
1569.06720053547,3,1.08226148772961,13.7412580165546,0.49226073745372,"0",269045.78855346,171.468620631189
760.461416287695,2,10.522828232497,23.279947044095,11.2352071789311,"0",77591.8741063536,102.032624462566
1173.72929330045,2,23.8679457261207,7.9335654375609,3.38922439375892,"0",238762.768549281,203.422347820848
1690.7908618167,3,4.53729765678385,5.93898169370368,13.4780347806619,"0",276803.030881184,163.712164012861
1757.50914571754,3,36.677670626152,14.5096840180922,2.42441944545135,"1",310488.600336582,176.66400262732
1287.19377913062,2,1.36886402033269,18.8322220824193,3.57105135382629,"0",244525.95674823,189.968255528227
2009.71259013954,4,6.55631543347434,16.1236805990338,2.4634258216247,"0",363273.518316985,180.758940407375
2213.23426000495,5,39.884033424962,23.1514237236697,2.13545073056594,"1",409488.990741651,185.018367979147
1648.47967328055,4,46.2949913292811,26.9472164020408,14.0047400811962,"0",194873.815668475,118.214266652537
1420.95154074514,3,20.2661089590731,14.773475225782,1.74050784874826,"0",197833.533184965,139.226094284132
2837.55039284825,5,9.09495438449085,24.4610101520084,6.15279086378819,"0",451075.286651413,158.966440838655
1581.12464208182,3,27.7506106552983,28.8568457106594,2.30055259773508,"0",214129.583625604,135.428654975402
1392.70286228603,3,24.4439131758156,24.5996033484116,6.26734210530472,"0",185871.528939603,133.461008785828
1719.08350379872,3,76.1153207304788,15.1050624407362,0.436480640926256,"1",167266.237208799,97.299658125498
2649.42663278923,5,25.3344918220284,10.4799547621515,1.3301365240477,"0",415941.190576795,156.99290760843
1992.53387426215,4,38.3466901884745,9.24510376644321,6.95936049943198,"0",261061.615445774,131.019913296303
2074.29842324068,4,24.3172439924421,29.5087476028129,4.21707060632712,"1",375996.586415747,181.264461373078
2292.90318458875,4,15.0172852157595,29.1025556554087,0.104187112601152,"0",340965.276326758,148.704611088022
1986.83703444335,3,1.16536615204762,29.6097056765575,2.43407795904204,"0",348377.941553342,175.342987630058
1668.2307857183,3,6.65938290767372,20.6217248195317,2.32778223697096,"0",282041.327184754,169.066132575484
1790.41467046286,4,5.94785283319652,5.38469344424084,7.50780345830035,"0",301649.935540673,168.480486960426
1558.28391579226,3,31.5085856704448,15.4879883043468,0.390597854517742,"0",309263.475554876,198.464138929164
992.081063020903,2,35.2063890157228,27.4707260588184,9.69042597296548,"0",116580.459689051,117.51102206715
1668.42975529485,2,43.2842242130729,3.31461943150498,11.2225472082602,"0",258226.238373938,154.772016954531
2766.39771581938,6,33.6343485845213,17.8574391049333,2.58301050422886,"0",408891.430850131,147.806451874915
1191.4347822839,2,7.48807273805141,22.100606745109,2.07797021837905,"0",231981.762174993,194.707898094346
NA,2,23.9287656192613,20.3601727799978,1.03527297731489,"1",239781.765632448,NA
1346.26766464373,3,17.0662167659941,22.6313883743715,3.10266116634011,"0",190107.6833966,141.21091101665
2389.64377592236,5,4.79751400671382,22.1159468423575,19.6340214729983,"1",322008.811270638,134.751804647682
1953.90016519213,4,2.39734209142625,28.8958184153307,3.57879961454699,"0",316454.368456745,161.96035708182
2120.99483679498,3,17.0794384918156,28.1624863676261,3.62165523671961,"0",753911.229819294,355.451704426835
2933.455634273,6,20.0510168812218,12.7816670562606,3.17135833902285,"0",467863.254905095,159.492187111617
1689.94768037461,4,27.4951187885346,27.9323947264347,1.14490657113492,"0",269897.729535161,159.707742831028
2393.74839225515,5,52.9989189256854,11.1775952691678,17.4761297077614,"0",316222.839829589,132.103624947681
2447.54940012378,6,9.92368806153536,13.0202349117026,12.7375913311945,"1",370034.991127411,151.185913186756
2609.55762724293,4,54.6142821361251,25.8212744088378,6.6707732281323,"0",343269.524722982,131.543186147476
1586.01588821293,3,19.6744512944462,14.1952913480345,1.0372839611955,"0",245768.754404657,154.959831254642
2662.5327067969,5,4.94321619311721,12.2793462774716,4.03550602474666,"0",383785.080339553,144.142860427527
NA,4,8.34568488411605,9.97671604366042,13.580391825478,"0",307114.451814622,NA
1312.33159473617,2,31.246219871748,15.6603381088935,4.33631045722818,"0",167823.77341762,127.88214052818
2156.69941848302,4,10.1758688222617,11.4582900742535,9.73443935583246,"0",343432.371351809,159.239794107875
1773.95735476952,3,2.02819352038205,15.7223496895749,2.15052007231861,"1",344956.861637435,194.456118525043
1670.57988622266,3,55.5037778343881,23.3009459655732,2.85528085660189,"0",239914.21084007,143.611336888856
2173.42170223561,5,32.1028183011298,20.1454514786601,2.19777916325256,"1",408085.403831389,187.76172309848
1668.58237341875,3,8.61426013902839,11.2446920571383,3.32496577175334,"0",301548.756369332,180.721528150564
2060.32510925686,4,6.48843629285693,10.73595994059,15.665346867496,"1",287039.171656464,139.317416638191
1570.84050801837,2,21.4573677620831,8.4782733914908,0.19108434486086,"0",226593.183430463,144.249643597689
2021.72912360886,5,2.08021035378688,2.15076114516705,0.375788249075413,"0",391876.830805764,193.832510117008
1450.61302348538,3,15.0917374608785,16.4472198644653,10.4908083279835,"0",188455.320895416,129.91426234587
1300.57502636766,2,11.1029040627182,3.69834443181753,2.054105065763,"0",215762.876156432,165.898061843483
2198.32192574488,4,18.6628937526586,22.2859371092636,3.39844641741365,"0",382390.620896762,173.946598275043
2231.95916140324,4,16.332060060555,21.91086411383,1.63940484402701,"0",347312.377909118,155.608751233048
1333.39172259715,3,NA,23.2820476796478,0.276431816164404,"1",198624.09022837,148.961544355094
2074.81460019768,4,5.60953128151596,19.0636037033983,6.33963526205576,"1",361855.004769643,174.4035369402
1081.20475498632,2,39.4077621756082,7.92856815597042,0.805510825011879,"1",181963.539041853,168.297020710158
2429.63871907119,6,10.3404404316097,11.4842085877899,9.69919949727965,"0",368271.304184123,151.574512413478
2126.40567309822,4,95.9520152905836,18.647533396259,0.222256772685796,"0",236926.404958852,111.421074518506
959.144870348961,3,3.30207332442487,27.2113467738964,5.02844606610078,"0",161141.464561392,168.005344701228
2705.5888170071,6,NA,21.7902030807454,9.74554225760412,"0",425815.762216079,157.383767828813
1513.18221922367,3,3.58225328500074,9.94172561960295,14.9963725684431,"0",240712.70596779,159.077144120346
1595.51110101782,4,2.40686372557178,16.7214802599046,0.413012758083274,"0",301158.401573969,188.753560775511
2187.73032254042,4,0.19161853220375,9.85846262308769,0.852089966647327,"0",420059.934123081,192.00718196167
2112.77199762516,3,43.355241527123,12.4736538203433,0.664264933613151,"0",281209.70380998,133.09988211036
2165.25951245876,5,37.9044521210675,8.289216137724,1.92995580146089,"1",351967.147413299,162.551946031459
2264.2838589826,4,1.40375069342554,2.84344775951467,0.423721311568425,"1",386019.680758118,170.482017626345
NA,2,2.24554512649775,8.1001709161792,15.1942965379896,"0",150769.918424257,NA
2419.09121723447,5,2.21953450702131,19.5570467819925,2.9539655498229,"1",344187.633217509,142.279725032852
1519.88584857911,3,NA,2.08104372979142,1.71496011316776,"0",270725.928880609,178.122540672184
1761.99114039499,3,20.8816030240598,26.1701617983636,8.53104012044978,"0",249839.482310638,141.793835725321
1293.1919778295,2,3.20361325517297,9.4266443925444,3.63213651326901,"0",252220.185289253,195.036923839089
2119.98598435752,4,15.7743082000854,17.0760046103969,1.71555662993342,"0",319017.031697988,150.480726783988
2490.07697696186,4,43.8711228131815,21.1225674985908,4.74989576244211,"0",377725.924242158,151.692468842076
1487.72793300404,4,0.615384923294187,17.9311074509751,8.95441598433427,"0",205052.852721552,137.829537358694
1711.95396824841,3,14.5983190639856,13.0570777442772,3.07627409046354,"1",342377.69895077,199.992351021607
1191.22635210887,3,2.25078516639769,17.2027211191598,2.64448278350756,"1",259410.270412101,217.767404114976
2231.53161876273,5,86.4817110398665,21.697997773299,8.65611916365934,"0",262079.193154604,117.443638687904
1415.54825120329,2,28.0870237944514,2.70457117119804,0.575898040551692,"0",208844.107778795,147.535845282043
639.453824709101,1,46.6752540667482,5.02856916608289,0.288015977302766,"0",100135.354711769,156.595129847449
1813.57107021533,3,12.0293405186385,5.53269514953718,0.789967691525817,"0",321508.077247379,177.279006335938
1284.8132087788,2,4.98448517358878,14.2549647344276,1.62687677424401,"1",159089.570000211,123.823112117148
1352.38841117748,2,4.61480993478931,1.09955063462257,3.65914944538331,"0",279721.116452905,206.834896055758
1781.68789327924,4,3.14925791695714,28.3041609337088,20.8050943438661,"1",222946.893171195,125.132406193127
2162.48986062152,4,NA,6.45145416352898,2.29794742772356,"0",364992.380462561,168.783395061866
2160.67545786795,5,59.6564778651962,26.7284431925509,2.30199891608208,"0",316310.470452665,146.394253380739
1501.13809319015,3,27.1324952869656,8.35957009275444,1.77728520240635,"0",227858.951924319,151.790799899084
880.183440485768,2,NA,18.8478085633833,4.85306957715607,"1",165245.18652124,187.739485794055
NA,3,32.8379975987558,3.20698673580773,4.27235176382267,"1",238536.598162869,NA
1314.94564401677,3,16.8789836955103,18.2315794546157,16.5487461156192,"0",196434.051085867,149.385681438375
2262.40054583562,5,37.679305372942,13.4553331178613,4.57842594990037,"1",383693.79668989,169.595873461112
1507.88407950804,2,39.8200836760883,26.552497090539,9.01408369610918,"0",211648.446543301,140.361218358611
3106.96044151864,6,11.2546495907009,17.814077002462,0.37979346766189,"0",555772.131254913,178.879693422572
2158.44739391388,4,1.59916074650415,20.787076536566,10.7363606153549,"0",364511.179942246,168.876564223918
2275.02155010865,4,NA,4.95926934713498,1.45474924007431,"0",385602.199063017,169.493866572209
1832.28113818317,3,14.4774130164626,17.7806617866736,0.490985112603628,"1",342367.595497695,186.853200834221
2280.68006138287,4,26.1353659248891,21.7674268542323,0.331412199884653,"0",418594.498994879,183.539333763925
2574.947667727,5,9.16455216838817,15.5997913735919,5.64396982991552,"0",408391.676168174,158.601932492351
2457.85500372405,5,12.5732587929815,21.0399291985668,0.139764440245926,"1",432585.180785433,176.001098571721
1491.79868134648,3,38.6355858651881,20.9635603681672,1.26369181554765,"0",237316.110858413,159.080520599612
3060.70653763827,6,22.1883372395279,18.4802455650643,16.5099147326293,"0",441365.842943335,144.203907665027
1292.43862468122,2,25.5315228543224,25.2614683862776,2.09945173426897,"0",274906.213112776,212.703495441094
2467.49167687574,5,56.1181154337695,20.5433743051253,5.19259281435466,"0",307888.976401908,124.778121558549
2838.77824462425,6,35.6983795873532,16.989618111169,6.70449055710292,"0",406958.920912278,143.357066260082
1193.64523040843,3,12.8264653743145,19.1204447776545,5.52920392693436,"0",116511.810124219,97.6100830934098
1710.63295309405,4,49.8190444310136,24.8863761338871,20.9037511093171,"1",113259.478274445,66.209105857332
1549.29151716521,3,4.41321049816906,20.812715459615,9.92936084004951,"1",384726.757824368,248.324316993819
2008.38861149267,4,35.0942385624283,17.1609236039221,0.344391819089651,"0",382165.037855779,190.28440794222
1991.11530580863,4,48.9116935034223,27.7566452519968,4.31370757475228,"1",244572.710845618,122.832017880699
1733.93130230211,4,11.7196575459093,3.16095636319369,1.89377412665635,"0",299429.464374289,172.688193573033
2028.0686469674,4,153.296840801578,24.0533413742669,3.08416508007098,"0",171060.295108859,84.3464028521166
1842.44482508119,3,56.7527235449154,25.9483530928846,0.179038663164456,"0",231065.149395323,125.412249121295
1083.95180384933,1,64.488404538847,19.2620232074987,0.676410526502877,"0",95317.2007533128,87.9349067134
1782.65138351038,4,28.0317170742512,27.6598023872357,1.43336750566959,"0",294567.01716769,165.240955069763
2146.01097991027,4,0.087512913835711,10.1363622592762,5.79630743225521,"0",287595.533865349,134.01400857575
1430.53805278006,3,11.4984370116144,6.6214777182322,1.0964912621595,"0",238591.894335175,166.784724021499
1397.84091825378,3,16.2734313487055,27.5372382847127,3.78320432103988,"1",253866.552994602,181.613336453006
2093.33767100227,4,39.2383525503759,19.5315103624016,6.0636221335963,"0",299315.655799616,142.984889607564
1679.25389545328,3,35.897275803793,3.90897059813142,3.15603313734755,"0",256342.083224412,152.6523677679
1546.41867528701,3,36.4915320713974,24.3399481663946,0.682579595079935,"0",300802.546489317,194.515593542925
2010.04001293169,4,11.2208749633282,9.68328904104419,1.2915934342891,"0",273917.432921174,136.274617002106
847.937945365877,2,11.4506232924759,10.1528753698803,3.86560060129773,"1",154242.913114418,181.903538999972
NA,4,5.4639149699174,18.6092408294789,1.59288853659489,"1",446940.799842766,NA
1953.15875418996,4,28.4516080697149,28.6850384566933,2.96081606298685,"0",308178.589739705,157.784711088433
1603.46376779417,3,18.6119728057639,21.1360779013485,5.71299218796289,"0",280678.619330651,175.045189650135
1583.23592402386,3,47.8193437655397,14.2045747002121,2.07447543274611,"0",271415.934279887,171.431136801187
1841.84860739609,4,10.1846796832979,21.2076755303424,1.33559516165406,"0",275476.41128738,149.565176085147
1229.2047285659,2,7.40550505928695,9.41447639279068,0.822205813601613,"0",196019.120858358,159.468245039254
884.840327558324,2,52.8163224806018,4.52377725788392,3.04199436679482,"1",119037.528172136,134.5299535574
1019.56131493614,3,11.3158305674221,1.10324662667699,6.94559614132059,"1",203561.962014715,199.656419905913
1604.99524238307,3,10.6056616362184,7.66512405965477,0.276438660901297,"1",292492.084568907,182.238599121715
1973.66159040659,4,3.00349938683212,27.6647729440592,2.88928372319788,"1",392209.879936551,198.721950025765
2640.95544856047,5,0.959451940252285,6.0648356906604,1.34783882647753,"0",504414.726212504,190.997059979732
1872.86522833835,4,1.94142497144639,5.5150297882501,0.0974512891843915,"0",346205.762277186,184.853537264049
2145.02569120489,4,8.44971921294928,24.0861482403707,3.98886716299242,"0",339993.118667159,158.503051996632
2068.11096796754,4,17.493289913142,15.5000058338046,3.41866402188316,"0",331371.59678846,160.229118224792
2244.79568642754,4,25.2649589992108,5.33566901320592,1.77666450868026,"0",370426.242342121,165.01557116391
1771.52273131766,4,11.6190017014742,10.6775728135835,8.94791956744375,"1",290296.139113972,163.868142351213
NA,3,25.1619413486662,25.7593773773406,4.02874198873656,"0",186546.455838018,NA
1381.98429342977,2,10.6851208303124,22.7379671162926,7.2481581977775,"0",181880.088971069,131.607927699152
1763.86049258684,4,6.68223434127867,1.47168852412142,1.04530504202367,"0",378692.386951527,214.695203244869
1238.12377033787,3,2.37452858459882,17.1412416030653,0.200376880820841,"0",236114.362385666,190.703359423616
1366.56373009363,3,1.5857012072822,29.4888492312748,8.17221922757936,"0",234688.211216797,171.736016439363
NA,5,1.60454716533422,13.5773988689762,0.144966498482972,"0",398156.886371128,NA
1650.75285593409,4,11.9871237780899,7.41092254640535,1.57940679229796,"1",273716.718951584,165.813263910241
1556.48439908642,3,10.4773901589215,16.1741702670697,4.97518973869687,"1",199689.987105286,128.295527550738
1814.3786264974,3,6.07054662890732,10.0395263761748,1.05492477000126,"1",310776.189711258,171.285191069078
NA,4,83.7715178912157,24.1582781635225,15.2132799095454,"1",200338.346968689,NA
1927.08823071935,5,7.03185147605836,17.6582667902112,2.68292421475053,"0",320319.548562025,166.219451427221
2386.54504057885,5,48.9768887658544,21.0344282786828,1.16514172637835,"0",306787.374667198,128.548747017483
1987.65062915137,3,40.8994023857598,8.07151804980822,7.2053215759592,"0",256314.742481823,128.953619274257
1986.73784814078,5,67.1006411280403,7.89900404796936,5.97109634408212,"0",264459.444097586,133.112400483572
1447.19345235458,2,19.2180597444564,23.6584310799371,4.23623154160011,"0",252231.107174599,174.289834413098
1334.61372332895,3,2.30693025237132,5.22056108689867,1.08165765429976,"0",254349.597813453,190.57918659717
1629.06711278306,4,12.3639183212072,11.4934767072555,10.7528926891493,"0",221415.798553767,135.915700965509
996.180732409632,2,40.1736618934159,19.7000101867598,3.93275520743287,"0",136905.33466955,137.430217444975
1768.44207495833,4,2.7731460710421,16.3614132818766,0.0476531940512359,"1",325408.708591724,184.008689455883
989.943988660434,3,21.5574567756596,6.32825691089965,0.797263947315514,"0",159969.676380234,161.594674256976
1350.49343425478,3,11.1080926377326,26.8916913706344,3.13928479561582,"0",265230.202832346,196.395033181856
2717.68709638419,4,70.3412217977357,19.1971128336154,10.4006039464512,"0",333645.221136698,122.768077892633
1590.45798249418,4,54.9198101604579,11.5287447974551,0.231429809827329,"0",195596.109927146,122.980997976702
1578.17922995661,4,13.6482876073569,9.29329315992072,13.8239009020137,"0",227879.905666823,144.394186250371
1463.52087876762,3,13.4497430734336,13.5439139378723,0.668547222239549,"0",254859.138663816,174.141102024061
1726.82108765507,4,16.5837886362317,21.9995046763215,4.13506344405419,"0",238147.687857569,137.91103754759
2152.61803395389,6,NA,7.48328965692781,3.77408055292605,"0",331171.403799181,153.845874454044
2659.82842652211,5,10.3412517998368,15.8520880888682,19.3769376248795,"0",407531.263562161,153.217124645529
1745.85428453158,4,9.53089656308293,19.0652036648244,0.00368221430107951,"1",361362.683939275,206.98330160826
2153.84218474433,5,2.19838751479983,28.8959593786858,1.12629417562857,"0",436469.057492888,202.646721558524
2082.72713383744,4,27.6272949195447,19.0232599196024,9.6928317188741,"0",198124.469039902,95.1274249137265
1986.89375006125,3,24.0883087449663,18.7243826580234,25.7291513014783,"0",206545.855355215,103.954152228245
2262.8306135048,5,7.01571845449507,11.1965182204731,2.62694620061666,"1",387875.263450543,171.411532589167
1415.14805433472,3,72.9011426451516,21.8609838893171,5.68935323019928,"1",169166.165950273,119.539553075102
1714.12226772451,4,12.8386013457758,23.6625632231589,4.92071515393859,"0",341630.919666388,199.303705516819
1833.01459404398,4,2.6793607003767,15.7059269219171,3.19596378535372,"1",330268.45844823,180.17775718828
1095.43611753706,2,11.157896509394,10.7795353820547,7.54816637510187,"0",180857.151545427,165.100592038228
2634.15226199986,5,54.8002766420074,4.63029234786518,2.13983488734812,"0",392531.879167076,149.016396975118
2537.81195194372,5,2.24060154519975,19.5596078222152,10.125165907246,"0",409692.993797145,161.435520659188
1972.41854819315,4,3.06847692093764,4.28122680447996,2.54167773295194,"0",435759.725712143,220.92660105601
2569.42824840404,5,16.5778027093949,16.0489087523893,0.0141316275922552,"0",479273.607842123,186.529282590326
1371.71696173112,3,32.949993124414,6.82184165506624,5.57953273786572,"0",195219.851602708,142.317881202211
1677.59765909358,4,16.563147510493,27.478315109387,0.270418082363904,"0",285989.166370623,170.475420504071
2250.70886829514,3,21.8440514049473,27.8203512220643,3.05778537644073,"0",354731.798644393,157.608922078445
3310.8299487123,7,29.5264372879035,17.8371930548456,4.011642280756,"1",532140.81195605,160.727316171288
1878.63310574073,3,13.7835759762675,8.68288419628516,0.220439263524057,"0",286538.669998972,152.525082797363
2237.63153623703,5,31.3023917768774,17.2621557854582,7.25977194946763,"0",274464.476476929,122.658477069236
317.9844996056,0,8.04859614931047,7.49203602899797,1.70899281511083,"1",64085.2515173295,201.535771702127
2311.60561887412,5,6.97757994563608,20.025572870858,3.3233227673918,"0",358761.63133491,155.200190034859
1229.02172396987,2,1.71189497224987,25.9469319605269,6.30172400248653,"1",158898.94301675,129.28896204006
1903.08630966045,4,58.1192791428337,11.2546764381696,2.31203014263883,"0",232648.075163801,122.247779295575
1298.46690096402,2,32.3516444100027,6.07718152692541,4.59048653466111,"1",238630.691985845,183.778802377387
1456.12142481108,3,18.5538233063164,21.7568544000387,7.61655284049821,"1",255120.927866841,175.205805999277
1339.98876433309,3,22.4503033227267,8.43437080457807,8.26558756600034,"1",241784.598852494,180.437780739774
1799.57862039883,3,13.6583180911839,9.56887736986391,1.52776548406109,"0",354481.236095096,196.980133058335
1854.57224116763,4,52.1177533616252,28.966214240063,12.2169684668573,"1",237315.368584591,127.962321076896
1106.63118350222,2,28.0986981449609,7.70847862004302,2.19021526630968,"1",205286.042098135,185.505383508581
1378.72023199218,2,30.2563638968353,29.4448750519659,1.49312704801559,"0",241946.540589726,175.486320556946
1909.1813637086,5,8.81569274701178,9.49899735744111,4.71904647981232,"0",275078.612508367,144.081970281768
1372.74552576874,2,23.1973438142779,16.6670477907173,5.83411588053253,"0",190451.556160261,138.737699438946
1983.60534605103,4,22.5290244436803,16.1137088038959,12.4499420535969,"0",302000.341362432,152.248198949279
1189.51491519876,2,0.203129394731448,8.33252948336303,10.6388725240933,"1",239491.123601313,201.335116139587
2411.7847789608,4,9.39134945161641,14.6138374840375,8.18517325404,"1",344681.071813949,142.915352489481
2213.07285031054,5,21.7305789288777,15.2709639938548,3.80359139272428,"0",328020.074984501,148.219284755345
1266.17690368665,3,0.4669765982786,11.0681358701549,9.89254359113884,"0",236538.985193613,186.813536485224
2389.67359411643,6,2.98898751713074,12.8563624490052,1.17951654829085,"0",435023.450027829,182.043041819139
NA,4,21.4499191931429,14.060248791473,0.130214565433562,"1",359483.503303179,NA
1628.37758046212,3,14.5189878149869,3.12095376243815,1.09005647944286,"1",317438.793761886,194.941761401431
1704.11744063184,3,1.51458644404359,23.5556440274231,20.5476294726807,"0",247277.951772805,145.106168082595
1494.7669981176,3,1.50082326494157,1.36880808346905,21.4028922642086,"0",166555.097921547,111.425458369963
1363.37352528007,3,20.4878118518708,2.58913751062937,1.36552303306702,"0",287975.488020211,211.222737335356
2513.11077321974,4,17.4395006886663,2.11374728893861,1.63462217664346,"0",403439.360524911,160.533855023045
2099.90304569152,4,7.33351049944758,19.4310722264927,5.79970863626754,"1",375363.715535803,178.752879236951
1982.5505670133,4,5.26745753362775,27.3465615019668,24.7730257440556,"0",280930.519795668,141.701565886861
1760.29865354584,3,20.6358308555822,20.7037004898302,0.359986226540059,"0",333473.139176143,189.441228341801
1510.05739614669,4,16.6885644002798,26.3547400608659,0.759056058005784,"0",230666.747051333,152.753628862016
1893.35078373611,3,3.18041859194636,3.01273899618536,1.15275018615648,"0",345367.428324759,182.410692879242
1020.39247584407,2,23.2632075614276,3.91841473779641,0.330575476400554,"0",173884.470842932,170.409401244452
1033.32636086813,2,8.4179747197777,3.59869312355295,3.09655687538907,"0",163456.943619274,158.185206348505
1858.23603202578,4,NA,13.9839881970547,3.5745731552825,"0",310607.753658725,167.15193780852
1828.07209826211,4,21.1561301714721,2.32678154041059,4.07872715943909,"1",364390.002990754,199.330214238906
1570.98031722807,4,30.1576702226648,11.8984951281454,3.99018736343618,"0",240386.763921613,153.017043743594
1437.23638145204,3,NA,19.6023477669805,5.76186249011612,"0",214373.082701574,149.156454337033
2532.3376663668,5,3.73654770664871,13.9877317373175,1.61158668575808,"0",397991.281939589,157.163591264113
1222.87870922026,2,22.3789696014466,23.9052182191517,3.84409134720868,"0",139065.219758185,113.719552650366
2286.49006535308,4,66.003869619585,24.5007118189242,0.128858191892505,"0",277253.079857051,121.257067353248
1429.61398395896,3,NA,25.2834632205777,0.164797947577189,"1",311547.849988289,217.924456170703
1230.97285553057,3,17.2357771164718,10.1170466672629,1.94512846181169,"1",205040.802617681,166.568094248759
1370.05557360295,3,10.826977994293,18.8679837030359,7.45081716470215,"0",201839.323954164,147.32199762041
1506.45360200059,3,NA,8.09122308203951,0.0967167527589748,"0",263429.827949423,174.867534983875
1997.37339640602,4,35.1671064255719,21.2007524585351,0.0900638056918979,"0",300509.998291025,150.452588800746
1847.73050299166,4,33.3889227353647,2.59766807244159,0.631832256913185,"0",229504.341894885,124.208774777109
1997.94724111975,4,7.59255112148821,11.8682188435923,6.32357719333327,"0",349265.369352447,174.812108229996
2213.51441168512,4,32.5071258826141,6.77592529822141,0.693571241228145,"0",303095.210784391,136.929404744038
2544.57630470231,5,11.9287169910967,28.3786392062902,0.104869825299829,"0",410804.321495652,161.443113628189
1148.22817839828,3,1.00596090778708,21.568862902699,3.09388775378466,"0",194443.419511007,169.342142240617
872.410240115828,1,23.9135892867091,6.87005191924982,0.202012706754456,"1",163479.995657287,187.388900473683
1903.36083082806,4,22.4906761002623,9.6766930539161,2.10331287700683,"1",335938.229002932,176.497395324029
1403.27893806694,2,5.77717163600028,13.7942548566498,0.301520863543003,"0",201881.927528661,143.864432118364
1432.62754023739,3,7.90349084883928,24.965240644291,1.23253121040761,"0",246998.783999505,172.409629901836
2612.82818893863,6,7.29405438889921,18.3731940216385,11.3206647050785,"1",463765.555634054,177.495618578136
2550.8060422101,5,14.64258197611,11.6731463430915,1.4790757233277,"0",469657.288935408,184.121129228815
3111.69236749991,7,6.42523676156998,9.82509678532369,7.44100913487927,"1",538566.067927156,173.078185219147
NA,2,28.4776026425512,22.7462914220523,12.2618608449804,"1",119624.965341101,NA
1996.1634831839,4,4.47582332417369,2.07272658124566,5.27845098116015,"0",310054.401561276,155.325154564363
2025.28470585739,4,71.6632292750192,28.5673404966947,0.950055525172502,"0",235921.964878257,116.488296285426
1435.38736630009,3,NA,2.23268624232151,6.51935181093818,"0",177375.768075463,123.573449397617
1720.82977103852,4,43.2647230078406,27.135842440417,1.58034570980817,"0",263397.731688731,153.064374014038
797.968873677985,2,22.9453794836047,10.389330442762,5.48821370096362,"0",115519.404857641,144.766805658961
1542.15211575254,3,61.9132252070931,18.6591079414356,3.26281115878373,"0",140490.08313384,91.1000164632164
1568.44428847011,4,14.5984164989533,2.63664363999851,8.71868750038457,"0",299434.061951114,190.91150648595
2477.08416375613,4,30.911648905087,15.5490480228327,2.80829334631562,"0",383789.943335216,154.93617413195
2661.76589994529,5,NA,12.0391827751882,6.39293913242823,"1",961212.179954577,361.118226052236
2165.50822377628,4,0.501949526369572,5.75952095398679,7.449996349913,"0",431468.028554222,199.245619950505
2068.3253479817,5,72.4894668266488,24.5583751287777,3.4755566780744,"0",241676.98047626,116.846694700179
1315.81143800356,3,74.2094881418061,19.5481234511826,1.47343413904309,"0",196340.627049602,149.216385706074
1545.62366516224,4,68.3824051882992,3.65960670658387,1.97439095471054,"0",169767.153932091,109.83731535598
1901.1652874412,3,4.89431942730935,5.56545937620103,0.572490238118917,"0",311898.337743602,164.056402567391
1225.32409313915,3,34.0140040429228,14.0338211029302,7.22327558431123,"0",107630.122017243,87.8380851399943
1060.09493409402,2,0.589795777266686,8.80313118454069,13.7807620962368,"0",210896.105059087,198.940772450086
2296.1475567422,4,40.2089143155103,15.2043357400689,6.43543379825956,"0",309599.749351822,134.834431020228
1935.77814850707,3,4.14144534028449,6.97383020538837,2.87567555190249,"1",431234.146872339,222.770438443537
2847.65902211472,6,21.9762640306672,13.6868753440212,6.51536512167609,"0",447270.754031876,157.066120121265
2072.53571861649,4,1.36468144133687,5.3171293779742,4.67144930248565,"1",426579.814834904,205.825072640806
1981.06312972049,4,10.9752471186221,1.75560392695479,17.5039538162497,"1",317737.938695955,160.387588830036
2691.23038666763,5,7.21071221294599,8.65390984946862,15.9437178439441,"0",414107.074119915,153.872769931331
1613.79571294616,4,4.87676975317299,10.859661601251,14.6612982044443,"0",257193.738397755,159.371930619533
2434.8632906117,4,48.4374307443328,28.2689850365277,2.09303755560058,"1",381093.780601798,156.51547340305
1136.95967333215,2,22.1297856784406,21.2629734687507,3.78999855382949,"0",189261.439261355,166.462754748967
2133.4290866447,3,7.64067998155951,21.3947726122569,0.111040522374119,"0",361331.478484912,169.366528630763
2100.14152994329,4,4.76362127810717,4.91724845930003,1.63640975486487,"1",342457.426061467,163.063975060154
1806.40379541578,3,40.1673892868643,18.2709638273809,11.841163848828,"1",180534.912068724,99.9416146749021
1760.25360855642,3,57.3885740306149,8.02629347820766,7.33629326234318,"1",218762.509736215,124.278972457623
1722.84534339905,3,23.7504531062188,29.7683450882323,3.40391803765669,"0",223862.129691986,129.937449434853
1025.24872974807,2,2.82311365008354,5.39329640194774,0.0719402404502034,"1",258831.103065003,252.45688734343
1916.23401616548,4,0.469864215701818,25.8913543843664,3.82496457634242,"0",340906.533057131,177.904436609109
2181.47920775552,4,18.9773977912011,27.1600523041561,13.9097814253511,"0",355329.910997157,162.884848837386
2578.1710163063,5,39.9821800721769,17.397831262555,9.35915343421412,"0",336759.801328909,130.619652148359
1462.4094882732,3,30.3062766401057,9.34083406254649,2.1231263037771,"1",270317.161885159,184.843687115534
2238.58601546657,4,81.0781766059709,10.1942242898513,1.89521953696385,"0",287155.22885582,128.275271475763
2279.70226066472,5,5.69300289265811,26.9762561833486,4.73770527985488,"0",457074.530157415,200.497467605327
1064.00598556027,2,15.2663157105664,21.3386949764099,4.15000529938793,"1",221855.491305393,208.509627122607
2224.4719197904,4,6.94970289245248,24.9534109984525,6.42864125294095,"0",349855.392351673,157.275706309944
2323.63794761712,5,21.3493558572676,5.18973818700761,4.97276121729469,"0",415574.322499897,178.846417500655
2476.03716541803,4,19.6604405893924,14.1588843020145,4.16236712110645,"0",364768.607754892,147.319520421378
2064.63021923364,4,7.47570273466408,5.96652078279294,0.119925432372838,"0",405306.323293087,196.309401808296
1993.10020081357,4,NA,29.0011649753433,10.8628189335125,"1",302475.239005811,151.761180337217
1829.19947673096,3,7.68471729010344,10.8146690921858,0.637014471809016,"0",343916.100346715,188.014541181338
2174.04788790998,5,11.9033073354512,22.524155233521,7.70282864073804,"0",314355.551962957,144.594584926628
2253.70622191968,4,6.60765622095991,3.5190875174012,2.63122485942397,"0",378563.285151671,167.973661105313
1615.8286247273,3,15.0245342208984,15.009752050275,6.32045261075205,"0",239163.993682173,148.013217504756
1186.49390985732,2,38.2851629314904,14.2938137003221,1.18323514703661,"0",174627.340078292,147.179297447292
1555.64713755547,4,38.2858697680717,27.5995891443454,1.55909037217498,"0",180068.6022722,115.751572400382
1918.73258351693,3,40.3590620292311,16.6135785744991,4.7519332540915,"0",326695.045110369,170.266064128413
951.76750969101,2,NA,6.49224161356688,1.17885634768754,"1",177155.95410525,186.133643249456
2099.32803793802,4,14.4582954435834,15.6561611858197,10.3999515523421,"1",351273.579891425,167.326674794688
1638.76865182655,2,1.13605192862451,6.63798091001809,22.0210960391019,"1",292211.399216882,178.311562703611
1919.75275416308,4,13.9013428977671,28.455035085557,8.67543895716952,"0",276928.591602979,144.252217376662
1654.17606581741,4,6.63628650829196,14.958940483164,1.03434763631582,"0",302718.172113269,183.002389146333
2625.5978162277,5,54.667797272367,1.16960229189135,3.69781704132861,"1",344321.89945191,131.140381563316
1600.36881295873,3,16.4779559141936,18.8851741156541,5.50003978868431,"0",222833.20114735,139.238655079376
2336.46369748734,4,11.4983422961086,24.0273385406472,2.6420169393532,"1",469550.234792412,200.966201742133
2031.03182088262,4,17.6441918906988,10.282807756681,6.7419851196692,"1",332962.795914435,163.937754441356
1964.74810749535,4,14.3232271998169,12.8273369618692,0.981937036196058,"0",330611.963212024,168.271933664558
520.350118227444,1,5.18281796947122,29.2341225675773,1.18839529278532,"0",12022.6443461742,23.1049132594202
1651.72885697251,2,NA,8.69425226934254,0.0207986931309413,"0",275632.770129293,166.875313079234
2120.71226263588,4,5.78320457600057,10.7514569563791,3.14873051596805,"1",346789.004197221,163.524779059932
2002.47656535947,4,6.42037955112755,6.74174435506575,8.56943179811251,"0",826399.598402816,412.688773840639
1909.76905590935,3,3.19867611916646,17.9082481602672,4.3029332766844,"1",382283.06104155,200.17240297127
1948.49592326471,3,2.9142261389643,13.3739744399209,8.30806517173999,"1",300964.025153495,154.459663764258
2178.2394666107,4,33.0187843350654,21.6015022427309,3.13339548185468,"0",359975.443749275,165.259811543765
1317.84830532388,2,25.1375633842292,13.1036947856192,1.28641562404685,"1",144734.509294993,109.826380403792
1697.64998645335,3,27.8149490414147,18.803508264944,2.44221935747191,"1",269018.952801975,158.465499336525
1646.41497860012,3,10.2563111763448,5.88262916682288,0.313939531333745,"0",301296.486474406,183.00154602006
NA,3,64.6820266511211,24.8734203409404,0.119594517163932,"0",299058.04975827,NA
1563.34055691987,2,1.9416714925319,22.9044782074634,2.4694602098316,"0",307599.866648721,196.758067387929
1960.25030623396,4,1.35509739629924,18.2030251552351,2.43372820084915,"1",312478.894479185,159.407649872796
2169.75903661559,5,0.286767445504665,3.87217229558155,0.41984608902897,"0",389740.167503199,179.623709788124
1742.40409164374,3,11.7533967830241,15.6368453777395,0.275573414583832,"1",298090.16564552,171.079812699653
NA,5,35.413950307477,16.7227875385433,1.95596594602244,"1",441672.070339441,NA
809.747664641064,1,1.23823255270233,28.6359493744094,1.85876906150952,"0",160067.331147466,197.675569979468
2152.90900584804,4,30.3298174573069,11.8788762458134,10.6936269712852,"0",303792.716075389,141.108014899926
2262.69088386285,4,2.26731380447745,4.9353105800692,2.10451206425205,"0",322798.905227033,142.661513125449
728.511674003995,1,1.01093669364756,7.50757517106831,1.37861787645731,"1",191632.448194748,263.046502935925
1987.02891502816,3,15.0666362970116,17.2143542387057,3.27234958298504,"0",345222.138973019,173.737853718211
1624.8537374596,2,10.880697350949,3.10092501481995,0.953450650474265,"0",276493.929327855,170.165426557189
1011.10162192442,2,41.0465251637583,9.02356065437198,7.74130353662086,"0",203090.967061439,200.861083255803
1563.6201668204,2,8.47240515053272,18.5723568766844,1.98132690507919,"0",253528.564332305,162.142040446979
2072.27776857358,4,2.99595848657191,22.072987643769,3.91839664986257,"0",313086.074841596,151.083064051352
1037.42976263628,2,8.68254462257028,4.96090996288694,0.0261312490329146,"0",214541.305005599,206.800800143244
1859.20163282067,4,43.1195546288915,15.093612363562,5.01025751212096,"0",226915.46553995,122.049949577383
2244.78308853734,6,9.67453178949654,20.7059116030578,3.10701513197273,"1",422651.482103392,188.281658152897
1424.74705476626,3,35.9285038692837,2.33101052884012,11.332156759988,"0",221892.976051847,155.742014211954
1437.70338626008,2,27.5434544301572,27.2327793955337,3.06822591228411,"0",329686.951606835,229.314999712462
1589.32472678869,4,28.2928376628046,21.8598465945106,12.6027583603965,"0",262973.082084378,165.462147320723
2055.06526235622,5,44.2068202395864,2.98048315453343,3.7818248871277,"0",244519.383190903,118.983755732678
1235.86961578265,3,20.1368537536802,13.6134411401581,1.54965448658913,"1",165873.591738925,134.21609336506
1867.94066754461,4,16.7024248643758,9.21502363006584,3.28085827408358,"0",326327.376808042,174.699005422371
2042.6719642765,5,6.29396609446437,19.772324279882,0.755363387131861,"0",321431.229097538,157.358222327875
1442.01801389251,3,0.933316093423203,10.2917573328596,21.8869840775516,"0",208068.025473132,144.289477294034
1672.70475636414,3,18.2504047039411,12.4889461870771,9.48585102292609,"0",530419.853690065,317.103094058875
1652.01967970654,4,15.2160680099371,10.1824116120115,4.35705006310807,"0",279662.680404725,169.28532016907
2750.68952339376,5,52.0677496840186,16.8259656585287,3.02944242255762,"0",440288.77361119,160.064874594777
1273.64187625145,3,39.8309298239838,26.1957623627968,0.317428826820105,"0",224744.182921922,176.457909489741
1990.73997635558,4,9.00957668200135,27.6684893206693,17.533567798205,"0",236614.911912442,118.85776883107
1463.71980034898,3,14.5677155992928,19.1173852914944,10.424612154554,"0",235739.974179802,161.055397435764
2168.28275518654,5,5.34774757921696,5.10235814494081,6.35851999258107,"0",377653.587447605,174.171743304353
1697.31273232521,3,19.2628340228441,13.7564826868474,0.0151758073032797,"0",258443.078388852,152.266034106043
1335.25732219102,2,52.4002789308257,13.7991879056208,5.74541423914439,"0",147241.458293932,110.271972186098
2083.72346876764,4,7.82500201627803,26.9685999494977,2.56888546049595,"0",397043.793484355,190.545338398082
1736.02915896228,2,102.244344683071,20.0106883978005,24.8830565143575,"0",106104.613283769,61.1191423461998
1330.85381239983,3,69.1658955778847,29.7580019079614,1.54374576460476,"0",141730.418037826,106.495857559482
NA,3,0.0981979550084801,9.52362776827067,1.37396707925727,"0",287422.983472474,NA
1346.96366988938,3,37.1936186013703,9.83674315921962,0.115810739494759,"1",207612.202015668,154.133483075098
1905.74543851652,4,NA,4.11730131763034,0.652915842701961,"1",329749.923348517,173.029365141864
1086.80962327674,1,7.4583650007844,6.87969255144708,1.39070582110435,"0",234471.673949498,215.743096976419
1542.56833646436,3,21.7316649100723,12.2871268240269,0.883577188942581,"0",307944.295591091,199.630893693121
1642.03066201332,3,59.8128502881601,28.654146091314,0.556352406551973,"0",213672.401551876,130.126925455758
1825.62083616285,4,61.3745450872033,18.433113406878,5.04932165124869,"1",278531.023158964,152.567837549658
1073.90315210527,2,7.26016165769364,2.2104803242255,7.38614329094899,"1",244860.775740819,228.010109906834
1776.36241908229,3,27.7350308356767,23.6796962430235,5.79781077781177,"1",262414.373547944,147.725695347413
693.227589925302,1,1.65102763101459,1.99871133989654,5.58289421235627,"1",163874.463062238,236.393452083891
1184.78765563635,2,52.7790529797654,7.39615622814745,2.86456508794799,"0",177492.958343236,149.809932183927
1347.08699747752,3,20.7500126949492,10.8055543599185,3.16462157526985,"1",204236.579296662,151.613503566662
1789.21001279616,3,30.8811065537815,26.4296027501114,2.69157009664923,"0",339830.168521979,189.933080013842
488.782659534025,1,1.90808773587867,17.4178146428894,0.257677757181227,"0",91658.3938247826,187.523824826691
1969.10658166691,4,28.7886054452076,6.58721100329421,5.89629472678012,"1",334312.236855186,169.778639697695
1608.55712790776,3,6.49579924531281,3.53090814244933,1.01274845423177,"1",288915.308753146,179.611469024378
1590.97675527976,3,24.315949603075,5.41407581977546,6.10644409571129,"0",300519.166119088,188.889727723423
1975.05040363418,4,32.8358599327424,18.5447208343539,2.99839996499941,"1",326016.706189591,165.067537309279
2597.64737549654,5,33.6595063639765,14.403701006202,8.46440716604602,"1",358352.90651433,137.952868389549
2391.40327603895,5,3.72115241363645,17.6871411588509,0.181774587836117,"0",351787.204201886,147.104926938369
1774.8808310273,3,13.4374432824552,10.7979810417164,2.18041660496965,"0",333281.582897937,187.776878915884
2635.77046119117,5,4.36713029630482,14.7275860528462,2.40450460696593,"1",500738.00100666,189.977848367101
1594.18363191323,4,4.00919739156961,27.5453587989323,1.16875569336116,"0",274336.247009717,172.085725582615
2568.85810620391,6,16.1140810813038,27.9201212387998,0.182585357260316,"0",487166.296640859,189.643131889741
1810.20138173471,4,37.5378433225637,27.8738509037066,0.857835034839809,"1",297295.732529638,164.233513204338
2172.11235318654,3,46.8475295205541,21.9832073354628,14.2558195608978,"0",349961.108618701,161.115564811967
706.51767538227,2,22.5999555169585,6.01474215416238,3.38075978010104,"0",139289.166325854,197.148877061695
1475.55165809302,3,18.5613527451325,18.138510791352,6.38795413055873,"0",193508.33101593,131.143040607617
2323.34220681432,6,33.1535472749962,1.22147166146897,7.3324562325598,"0",336457.194054045,144.816029712378
1496.75213535992,3,6.91392868757248,18.1396084784064,5.5647172637046,"1",226239.225487356,151.153434254465
1736.53387485443,4,2.47879519127309,21.0376219085883,0.0669954719546608,"0",347999.582585431,200.398960034456
2491.21536027951,4,7.82090301625431,6.55834439955652,5.92008558039198,"0",410070.056310765,164.606425782778
1957.02663732896,4,2.10725419644559,27.0546693976503,1.43212427234184,"0",383196.761137917,195.805592948352
1085.06799286872,2,11.4623955450952,11.7675865041092,6.01167710980835,"0",211620.807709719,195.029997290983
703.70421768661,1,32.7780653519516,19.0356043986976,1.76568062358019,"1",142085.403843002,201.910689565142
1205.31350850553,3,16.5629442324471,3.62949663819745,5.78372076132751,"0",154182.076465806,127.918649693868
1200.42110282198,3,13.9960878520253,23.1035457837861,4.24539616310453,"0",240167.955499271,200.069754634168
1635.22860176441,4,2.77160981670022,24.6446526425425,3.95413619097966,"0",297864.641064688,182.154740164949
2008.6991592625,5,24.9128155029359,18.130809311755,3.28361419495195,"0",307270.265662646,152.969778598136
1989.51647959437,4,3.31250175833702,29.9304057022091,1.27572238204936,"0",375246.390502276,188.611853357848
1394.37353978594,2,49.3249865223594,24.0037038130686,0.579060407092764,"0",209674.231875417,150.371637077684
1491.68537343589,3,17.5173411323669,4.83734299289063,13.8063918140935,"0",263249.882583692,176.478155026306
2331.31612930744,4,14.7366706273499,3.62308861571364,1.4769365198796,"0",370235.366464957,158.80959334972
1812.39612477324,3,11.9500609021634,5.168198477244,13.1446057647271,"1",297473.634217951,164.132790923491
1897.8722119954,4,68.7032052840958,18.3123591814656,0.806255482602865,"0",266725.947578399,140.539466194073
1538.29506336449,3,12.3806997481734,11.6704335834365,8.41853076550079,"0",235395.816457607,153.02383922546
2057.07863274802,5,21.2749526916173,21.7452405982185,1.79995806654915,"0",340762.081537758,165.653405811979
1492.98426054354,3,12.4476942420006,26.1577335798647,7.42618440889276,"1",187658.516199285,125.693566341393
2031.9395083855,5,NA,5.27171926572919,0.387991185704986,"0",295708.503226152,145.530170561578
2026.77974130182,4,44.1941331674285,9.47080691461451,2.52720723627135,"0",368296.202649993,181.71496149524
1692.27330518146,4,17.9769025693091,12.6721315679606,0.416441119192599,"0",262417.682631869,155.068145215308
1238.7489588613,3,13.6904259119183,20.1630252748728,2.30239918688312,"1",322052.325147282,259.981913884573
3674.49485060873,7,12.1625736076385,2.65661820885725,11.9811127794193,"1",578947.570283905,157.55841110731
1267.94190338668,2,22.2630630611422,2.36971919308417,11.0219676829042,"1",204056.293902232,160.935050223671
580.953029249401,1,1.09333011414719,4.45633057667874,3.78428276607251,"1",173503.002198256,298.65237542943
1185.93072823165,3,16.3951079144119,20.9683155536186,16.0238993532004,"1",244072.579127327,205.806775486175
1626.28505343634,3,7.35083474777639,17.8873412292451,27.8160814887942,"0",170306.980321478,104.721481613337
1998.18259070874,4,6.28206542693079,16.3599255131558,1.32294811308384,"0",404244.195562497,202.305934123425
1536.14818250202,3,10.1111698243767,3.5716173290275,1.26403716948778,"0",241873.340402704,157.454432559201
2471.52671175442,5,1.25135605096684,19.6728665877599,3.5288108603791,"1",453215.154980414,183.374572819687
2241.49877860669,4,21.3300868860426,2.55183186964132,5.67150891737497,"0",397667.555495068,177.411453127027
3782.61609900945,8,16.6333689532223,24.5784027285408,7.10649353410018,"1",580009.491845011,153.335542561905
2966.50958675613,6,4.35725876655244,8.0946660193149,5.80415319788579,"0",474651.986449614,160.003523524306
1464.57580154759,3,32.908407828632,13.9871850139461,17.7197509175266,"0",156356.496510004,106.758896565672
1263.5717769196,2,10.2125757280737,14.2196510946378,10.5481536586987,"1",226258.14028895,179.062356742832
1076.85167210948,2,8.94229115918279,6.83668887685053,1.14499420036614,"1",172504.149631273,160.193046172598
1357.04904593636,3,22.7702363572064,7.8345325125847,1.17546405112769,"0",325311.368105421,239.719683735495
NA,3,29.288011601377,5.42173314746469,5.44282413532442,"0",221724.108972591,NA
2349.60842843181,5,43.3906893385484,9.99436409259215,1.36648298008367,"0",316225.900332845,134.586638567646
1532.88051450669,3,12.0494055654854,27.5295862169005,7.28307802188111,"1",257198.984844298,167.788018968373
1243.12657809733,3,16.8121865942123,28.7740559545346,4.04608366507703,"0",566553.948848999,455.749204329731
2378.9686677852,5,35.1200116408949,11.0146161550656,3.56592317556447,"0",425640.699381499,178.918161111288
2724.27891438915,6,5.43090872502815,4.27396733011119,27.2674160529126,"0",329095.333379428,120.800895841173
2067.712049639,4,4.63532014749944,29.5196646498516,1.68264352018014,"1",307018.157686522,148.482066320659
2007.75533182496,5,13.5819440335035,21.5158839961514,5.01095701453692,"0",313680.061941564,156.234206912275
1774.67385240236,4,12.0949735306203,9.11470922618173,2.76693692198023,"1",327869.419400605,184.749112608365
1709.11968748385,3,11.9185176212341,22.4704653725494,0.290747058509066,"0",253866.722286114,148.536538514663
2226.46120675103,5,10.9220635332167,6.49219950754195,15.2290791602574,"0",294302.404834948,132.183935629586
1504.30368984237,3,8.07319515384734,7.89752412517555,7.2073693290739,"0",238631.254179714,158.632366450367
2012.3844101088,3,43.2286580424377,2.71884630876593,8.11408157418382,"0",254501.444153619,126.467608710932
1025.57915348423,2,3.68603826500475,29.0046190670691,1.53782838823456,"0",168183.120211009,163.988434865934
1797.42702815944,4,27.6997643514516,22.3454716524575,10.0343665476413,"1",187655.034672424,104.402032312033
1821.03664150981,3,21.1482440485599,21.6374714900739,7.77121620732906,"0",263971.979218985,144.956983951804
2311.47638049184,6,69.9139327886415,21.3969641376752,8.08253264012647,"0",262935.285632843,113.752097080436
1911.82324614484,4,21.8611218958142,17.0451231023762,0.6783067330042,"1",327194.351631197,171.142574132299
2113.61475899239,5,34.3584279326682,4.88712429930456,0.960294314152477,"0",320052.808867993,151.42438209533
1655.35565402931,3,5.80784796737134,18.0491661885753,0.20342418923974,"1",268142.914301426,161.985077737668
1820.5166956746,4,22.8209822243991,2.47177491337061,6.74931152237064,"0",279007.715455878,153.257432968771
1674.0286521064,3,7.39981033839285,7.82847008225508,7.20157357070031,"0",265168.891080421,158.401644288922
2013.03112984671,4,5.64823136664927,29.2114510524552,4.0499297341094,"1",313533.218216309,155.751798155344
2054.39869478148,4,114.355943413473,10.5901260338724,0.476682079024613,"0",215554.706513678,104.923502463871
1927.72191756656,3,0.396043723449111,16.0661168554798,21.2431382561538,"0",257723.630428105,133.693365251271
1690.9561287082,4,26.7828273951056,15.4112749351189,5.53245625496831,"0",246797.700925829,145.951569491261
1810.3456436014,3,6.8215530924499,12.3913700995035,0.173455006442964,"1",355116.084815016,196.159272716876
1580.47306538147,3,NA,19.2076537555549,2.05574322491884,"0",259202.639321068,164.003199420868
2015.74171311255,4,1.2202828656882,28.4654522417113,10.1522857225956,"0",240727.735477291,119.423899357412
2544.43754786511,5,2.95132440773838,17.244765551528,26.3844876814832,"0",332587.613186885,130.711643312268
1194.54356367603,2,0.876404047012329,14.3806072762236,1.10927579458803,"0",263646.403000222,220.708905909541
2015.15039916176,4,2.11825392399295,5.23176380130462,2.47012778418139,"1",392970.953854444,195.008250509693
1660.62974571832,4,8.43618435785174,26.1915817463305,6.43739405067122,"0",284373.428210674,171.244330016301
2077.68527470543,4,20.174977890307,7.08730063540861,0.712216254799243,"1",359059.523388705,172.817090133928
2084.16126247802,4,36.6732040030842,28.53297671373,4.53452158232635,"1",346756.272327877,166.376891544176
1899.57472997209,4,39.0349571762567,26.5392833475489,1.36977199697867,"0",170978.524604935,90.0088435096458
2613.4906500634,6,3.17772367969155,8.05429991311394,2.38649934763089,"0",490848.705128902,187.813453672389
2057.25657659927,5,21.0636425568702,21.4575755714905,1.79132567085979,"1",337244.964683178,163.92946243033
2204.22479091083,5,17.3638930500382,21.5692211347632,18.8041186601597,"0",307061.031396323,139.30567910428
2075.85465776478,4,45.375048999948,20.7422359900083,1.35706917615607,"0",311236.423669219,149.931702831425
2060.9784864193,5,8.64263985306025,6.35209129774012,1.38863092288375,"0",401372.271835824,194.748404449946
2288.13297007829,4,61.1623266305695,27.5210748512764,2.96429615234956,"0",313610.962794643,137.059763088818
1918.57451278529,4,2.20960622462809,23.0337419821881,10.2742416779966,"1",322644.804575504,168.169024671919
1654.65212425926,3,34.4773530198221,11.6099071044009,0.131676674077789,"0",327602.354318369,197.988658471052
1497.75077813289,4,24.6099060765448,11.256657109363,2.0739406824779,"0",180267.885661837,120.359066604232
1479.58544455997,3,85.1397339204207,21.9936773064546,6.14609199089414,"1",150234.550265576,101.538272641129
