pipeline,model,cv_rmse_mean,cv_rmse_sd,cv_mae_mean,cv_mae_sd
P0_Baseline,OLS,45814.87,18091.58,31707.57,6125.63
P0_Baseline,Ridge,46006.74,20310.99,32668.45,6990.74
P1_Imputed,OLS,50966.55,26322.97,33785.18,8091.42
P1_Imputed,Ridge,52966.87,22409.28,34312.07,6827.17
P2_Indicators,OLS,52885.15,21853.99,34117.72,6305.89
P2_Indicators,Ridge,52898.24,23144.2,34616.26,7517.24
P3_Normalized,Ridge,52897.8,22669.91,34422.23,6500.04
P3_Normalized,Lasso,50165.97,29013.94,34042.62,10690.89
P4_Full_Processing,Ridge,57576.54,22524.34,38944.28,8347.26
P4_Full_Processing,Lasso,57715.22,20603.1,38836.25,6111.35
